step	bar
0	4.1686015881242255
1	3.964766317243857
2	2.6370211416438076
3	1.951968389542805
4	0.04947049911923962
