step	bar
0	4.550995871257174
1	3.895264738404675
2	2.666982082030848
3	1.2952260490766285
4	0.8488058071445073
