step	bar
0	4.5420505528777015
1	3.0576072121348927
2	2.7408887547579903
3	1.7877065969634458
4	0.44566129041284963
