step	bar
0	4.74293421404106
1	3.254218203185407
2	2.2621349490386877
3	1.2645512450626577
4	0.38911109370492625
