step	bar
0	4.4422661630791165
1	3.0688513159415254
2	2.307910245040172
3	1.8686379338519656
4	0.7478238984546728
