step	bar
0	4.8116750387539815
1	3.2608766029052756
2	2.5793306131142995
3	1.9295168861430239
4	0.2639054141637738
