step	bar
0	4.834110677685377
1	3.7767327220552316
2	2.2173402062125023
3	1.3222537329622908
4	0.7354425459104368
