step	foo
0	0.14538861000126613
1	1.3941026290446783
2	2.366463421490514
3	3.4156324956763955
4	4.954040073865515
