step	foo
0	0.39530980434096674
1	1.172213888622958
2	2.397161267276294
3	3.669347878920129
4	4.015631216563449
