step	foo
0	0.8501891313681631
1	1.3837535263464265
2	2.911959953809309
3	3.269905920563609
4	4.760004795294938
