step	foo
0	0.9336531172033261
1	1.4180717609395517
2	2.0256725230442902
3	3.33782535647687
4	4.896609943517365
