step	foo
0	0.7180129833460246
1	1.0351088261681798
2	2.0885373719220843
3	3.453072269043921
4	4.166949873288195
