step	foo
0	0.3217295911382796
1	1.3518644267373832
2	2.440147045171914
3	3.4230981407766397
4	4.8534053067775025
