step	foo
0	0.21375711973659406
1	1.7272477597539933
2	2.955414830419187
3	3.176955671565792
4	4.679017669329608
