step	bar
0	4.567395912001526
1	3.5495733865849295
2	2.163953653618688
3	1.1201264003063258
4	0.9737659612737861
