step	bar
0	4.288442359132832
1	3.8332208276933053
2	2.1808028385935865
3	1.5591557458608234
4	0.7628318300417307
