step	foo
0	0.5286070870219617
1	1.752983190233333
2	2.9990897742720923
3	3.21892485688437
4	4.726344626266963
