step	foo
0	0.9902216817045595
1	1.616612026092437
2	2.7857573292726787
3	3.1308972444018734
4	4.48653470517792
