{
    "foo": 4.48653470517792,
    "bar": 0.7628318300417307,
    "step": 4
}
