{
    "foo": 4.726344626266963,
    "bar": 0.9737659612737861,
    "step": 4
}
