{
    "foo": 4.760004795294938,
    "bar": 0.8488058071445073,
    "step": 4
}
