{
    "foo": 4.954040073865515,
    "bar": 0.2639054141637738,
    "step": 4
}
