{
    "foo": 4.679017669329608,
    "bar": 0.44566129041284963,
    "step": 4
}
