{
    "foo": 4.8534053067775025,
    "bar": 0.38911109370492625,
    "step": 4
}
