{
    "foo": 4.896609943517365,
    "bar": 0.04947049911923962,
    "step": 4
}
