{
    "foo": 4.015631216563449,
    "bar": 0.7354425459104368,
    "step": 4
}
