{
    "foo": 4.166949873288195,
    "bar": 0.7478238984546728,
    "step": 4
}
